{"generated_examples": {"_type": "images/separated", "width": 768, "height": 4096, "format": "png", "count": 1, "filenames": ["media/images/generated_examples_19_91478c0e26a6a7237267.png"], "captions": ["Epoch 2"]}, "_timestamp": 1766904425.262801, "_runtime": 1524.3431370258331, "_step": 20, "G_vgg": 0.8542147636413574, "G_adv": 1.055940294265747, "G_adv_feat": 9.667667961120605, "D_true": 0.9719791352748871, "D_false": 0.9359428763389588, "epoch": 2, "_wandb": {"runtime": 1522}}
