{"final_g_loss": 10.55940294265747, "final_d_loss": 9.71979135274887}
